{"cameraMode":{"drawMode":0,"name":"Shaded","section":"Shading Mode"},"sceneLighting":true,"audioPlay":false,"sceneViewState":{"m_AlwaysRefresh":false,"showFog":true,"showSkybox":true,"showFlares":true,"showImageEffects":true,"showParticleSystems":true,"showVisualEffectGraphs":true,"m_FxEnabled":true},"in2DMode":false,"pivot":{"x":586.4606323242188,"y":152.9705047607422,"z":145.5498504638672},"rotation":{"x":-0.0005579654825851321,"y":0.9993019700050354,"z":0.03117992728948593,"w":0.018290357664227487},"size":45.40956497192383,"orthographic":false}